variable,experiment,ensemble,model,year,value
tas,1pctCO2,r1i1p1f1,GISS-E2-1-H,1850,-1.0431586470513707
tas,1pctCO2,r1i1p1f1,GISS-E2-1-H,1851,-0.9936788276643256
tas,1pctCO2,r1i1p1f1,GISS-E2-1-H,1852,-1.097233329465098
tas,1pctCO2,r1i1p1f1,GISS-E2-1-H,1853,-1.202957485310037
tas,1pctCO2,r1i1p1f1,GISS-E2-1-H,1854,-1.1959704657315342
tas,1pctCO2,r1i1p1f1,GISS-E2-1-H,1855,-1.1583974256190004
tas,1pctCO2,r1i1p1f1,GISS-E2-1-H,1856,-1.2152782103181607
tas,1pctCO2,r1i1p1f1,GISS-E2-1-H,1857,-1.0290563076623584
tas,1pctCO2,r1i1p1f1,GISS-E2-1-H,1858,-1.018144376213172
tas,1pctCO2,r1i1p1f1,GISS-E2-1-H,1859,-1.0598346614916068
tas,1pctCO2,r1i1p1f1,GISS-E2-1-H,1860,-0.9795949547958571
tas,1pctCO2,r1i1p1f1,GISS-E2-1-H,1861,-0.7941214068407589
tas,1pctCO2,r1i1p1f1,GISS-E2-1-H,1862,-0.5813587669649678
tas,1pctCO2,r1i1p1f1,GISS-E2-1-H,1863,-0.8375592687360722
tas,1pctCO2,r1i1p1f1,GISS-E2-1-H,1864,-0.7940227477877215
tas,1pctCO2,r1i1p1f1,GISS-E2-1-H,1865,-0.7573155231116289
tas,1pctCO2,r1i1p1f1,GISS-E2-1-H,1866,-0.7774857575465148
tas,1pctCO2,r1i1p1f1,GISS-E2-1-H,1867,-0.7410165184769539
tas,1pctCO2,r1i1p1f1,GISS-E2-1-H,1868,-0.6931761786345874
tas,1pctCO2,r1i1p1f1,GISS-E2-1-H,1869,-0.695603249743499
tas,1pctCO2,r1i1p1f1,GISS-E2-1-H,1870,-0.7729055764399391
tas,1pctCO2,r1i1p1f1,GISS-E2-1-H,1871,-0.6957171657290928
tas,1pctCO2,r1i1p1f1,GISS-E2-1-H,1872,-0.6421626344451852
tas,1pctCO2,r1i1p1f1,GISS-E2-1-H,1873,-0.3869955076771703
tas,1pctCO2,r1i1p1f1,GISS-E2-1-H,1874,-0.47801704447988413
tas,1pctCO2,r1i1p1f1,GISS-E2-1-H,1875,-0.5194925939963468
tas,1pctCO2,r1i1p1f1,GISS-E2-1-H,1876,-0.49944724762821124
tas,1pctCO2,r1i1p1f1,GISS-E2-1-H,1877,-0.2762310407298969
tas,1pctCO2,r1i1p1f1,GISS-E2-1-H,1878,-0.27211715621803023
tas,1pctCO2,r1i1p1f1,GISS-E2-1-H,1879,-0.2756452713414319
tas,1pctCO2,r1i1p1f1,GISS-E2-1-H,1880,-0.3717894924106986
tas,1pctCO2,r1i1p1f1,GISS-E2-1-H,1881,-0.4279486511613868
tas,1pctCO2,r1i1p1f1,GISS-E2-1-H,1882,-0.3921832773193046
tas,1pctCO2,r1i1p1f1,GISS-E2-1-H,1883,-0.3682424705767744
tas,1pctCO2,r1i1p1f1,GISS-E2-1-H,1884,-0.11298668382676169
tas,1pctCO2,r1i1p1f1,GISS-E2-1-H,1885,-0.05412367636108684
tas,1pctCO2,r1i1p1f1,GISS-E2-1-H,1886,-0.2967005927901596
tas,1pctCO2,r1i1p1f1,GISS-E2-1-H,1887,-0.14369109320216467
tas,1pctCO2,r1i1p1f1,GISS-E2-1-H,1888,-0.058077838853250796
tas,1pctCO2,r1i1p1f1,GISS-E2-1-H,1889,-0.0909897686721024
tas,1pctCO2,r1i1p1f1,GISS-E2-1-H,1890,-0.14192778075721435
tas,1pctCO2,r1i1p1f1,GISS-E2-1-H,1891,-0.12951395826928547
tas,1pctCO2,r1i1p1f1,GISS-E2-1-H,1892,0.02132781534652395
tas,1pctCO2,r1i1p1f1,GISS-E2-1-H,1893,-0.12902686351168313
tas,1pctCO2,r1i1p1f1,GISS-E2-1-H,1894,-0.1020994577496026
tas,1pctCO2,r1i1p1f1,GISS-E2-1-H,1895,-0.01871786508280593
tas,1pctCO2,r1i1p1f1,GISS-E2-1-H,1896,0.08689349656305012
tas,1pctCO2,r1i1p1f1,GISS-E2-1-H,1897,0.22931499702070823
tas,1pctCO2,r1i1p1f1,GISS-E2-1-H,1898,0.011434179616799156
tas,1pctCO2,r1i1p1f1,GISS-E2-1-H,1899,0.012387311930979195
tas,1pctCO2,r1i1p1f1,GISS-E2-1-H,1900,0.2078197058834803
tas,1pctCO2,r1i1p1f1,GISS-E2-1-H,1901,0.4128188990434296
tas,1pctCO2,r1i1p1f1,GISS-E2-1-H,1902,0.35056870627863645
tas,1pctCO2,r1i1p1f1,GISS-E2-1-H,1903,0.39438531594663573
tas,1pctCO2,r1i1p1f1,GISS-E2-1-H,1904,0.4741551147634482
tas,1pctCO2,r1i1p1f1,GISS-E2-1-H,1905,0.4149952166292792
tas,1pctCO2,r1i1p1f1,GISS-E2-1-H,1906,0.384646056943609
tas,1pctCO2,r1i1p1f1,GISS-E2-1-H,1907,0.44384951512563475
tas,1pctCO2,r1i1p1f1,GISS-E2-1-H,1908,0.2996643925218905
tas,1pctCO2,r1i1p1f1,GISS-E2-1-H,1909,0.2307524457643808
tas,1pctCO2,r1i1p1f1,GISS-E2-1-H,1910,0.5098702378010671
tas,1pctCO2,r1i1p1f1,GISS-E2-1-H,1911,0.7903525123311965
tas,1pctCO2,r1i1p1f1,GISS-E2-1-H,1912,0.41578434146481413
tas,1pctCO2,r1i1p1f1,GISS-E2-1-H,1913,0.6205549927495895
tas,1pctCO2,r1i1p1f1,GISS-E2-1-H,1914,0.877275048225215
tas,1pctCO2,r1i1p1f1,GISS-E2-1-H,1915,0.9086234740697705
tas,1pctCO2,r1i1p1f1,GISS-E2-1-H,1916,0.6467094761094359
tas,1pctCO2,r1i1p1f1,GISS-E2-1-H,1917,0.7100485597778743
tas,1pctCO2,r1i1p1f1,GISS-E2-1-H,1918,0.953486804642182
tas,1pctCO2,r1i1p1f1,GISS-E2-1-H,1919,0.9934561762337353
tas,1pctCO2,r1i1p1f1,GISS-E2-1-H,1920,0.9684201337723835
tas,1pctCO2,r1i1p1f1,GISS-E2-1-H,1921,0.8848308658874657
tas,1pctCO2,r1i1p1f1,GISS-E2-1-H,1922,1.1819431094172046
tas,1pctCO2,r1i1p1f1,GISS-E2-1-H,1923,1.1828328550934657
tas,1pctCO2,r1i1p1f1,GISS-E2-1-H,1924,0.9651801070905321
tas,1pctCO2,r1i1p1f1,GISS-E2-1-H,1925,1.033108147629946
tas,1pctCO2,r1i1p1f1,GISS-E2-1-H,1926,1.1688444832669234
tas,1pctCO2,r1i1p1f1,GISS-E2-1-H,1927,1.069803484685167
tas,1pctCO2,r1i1p1f1,GISS-E2-1-H,1928,1.0046748909574035
tas,1pctCO2,r1i1p1f1,GISS-E2-1-H,1929,1.035412375036742
tas,1pctCO2,r1i1p1f1,GISS-E2-1-H,1930,1.2770008557217807
tas,1pctCO2,r1i1p1f1,GISS-E2-1-H,1931,1.3509600916572708
tas,1pctCO2,r1i1p1f1,GISS-E2-1-H,1932,1.1033437582570969
tas,1pctCO2,r1i1p1f1,GISS-E2-1-H,1933,1.1520042876191496
tas,1pctCO2,r1i1p1f1,GISS-E2-1-H,1934,1.3880313072272088
tas,1pctCO2,r1i1p1f1,GISS-E2-1-H,1935,1.5354963163761681
tas,1pctCO2,r1i1p1f1,GISS-E2-1-H,1936,1.2954891030883005
tas,1pctCO2,r1i1p1f1,GISS-E2-1-H,1937,1.287615417759298
tas,1pctCO2,r1i1p1f1,GISS-E2-1-H,1938,1.4044908709033166
tas,1pctCO2,r1i1p1f1,GISS-E2-1-H,1939,1.5622507802777363
tas,1pctCO2,r1i1p1f1,GISS-E2-1-H,1940,1.6071435532193163
tas,1pctCO2,r1i1p1f1,GISS-E2-1-H,1941,1.6265418529140447
tas,1pctCO2,r1i1p1f1,GISS-E2-1-H,1942,1.68595476130929
tas,1pctCO2,r1i1p1f1,GISS-E2-1-H,1943,1.9393131471603624
tas,1pctCO2,r1i1p1f1,GISS-E2-1-H,1944,1.7265228310772613
tas,1pctCO2,r1i1p1f1,GISS-E2-1-H,1945,1.596507639089964
tas,1pctCO2,r1i1p1f1,GISS-E2-1-H,1946,1.7564749869587786
tas,1pctCO2,r1i1p1f1,GISS-E2-1-H,1947,2.055304048840128
tas,1pctCO2,r1i1p1f1,GISS-E2-1-H,1948,1.9478289356791834
tas,1pctCO2,r1i1p1f1,GISS-E2-1-H,1949,1.899523767825599
tas,1pctCO2,r1i1p1f1,GISS-E2-1-H,1950,2.142580654078756
tas,1pctCO2,r1i1p1f1,GISS-E2-1-H,1951,2.0074470883625963
tas,1pctCO2,r1i1p1f1,GISS-E2-1-H,1952,1.8858942995059351
tas,1pctCO2,r1i1p1f1,GISS-E2-1-H,1953,2.0099140688132593
tas,1pctCO2,r1i1p1f1,GISS-E2-1-H,1954,2.243648691110536
tas,1pctCO2,r1i1p1f1,GISS-E2-1-H,1955,2.05070759661038
tas,1pctCO2,r1i1p1f1,GISS-E2-1-H,1956,2.2364106203150413
tas,1pctCO2,r1i1p1f1,GISS-E2-1-H,1957,2.3606268649043045
tas,1pctCO2,r1i1p1f1,GISS-E2-1-H,1958,2.2752324712322434
tas,1pctCO2,r1i1p1f1,GISS-E2-1-H,1959,2.3364095494264916
tas,1pctCO2,r1i1p1f1,GISS-E2-1-H,1960,2.466497794535144
tas,1pctCO2,r1i1p1f1,GISS-E2-1-H,1961,2.452554945927602
tas,1pctCO2,r1i1p1f1,GISS-E2-1-H,1962,2.164886028665137
tas,1pctCO2,r1i1p1f1,GISS-E2-1-H,1963,2.341881969742019
tas,1pctCO2,r1i1p1f1,GISS-E2-1-H,1964,2.5288907561075575
tas,1pctCO2,r1i1p1f1,GISS-E2-1-H,1965,2.4244674761340548
tas,1pctCO2,r1i1p1f1,GISS-E2-1-H,1966,2.517263809319843
tas,1pctCO2,r1i1p1f1,GISS-E2-1-H,1967,2.7302648623779078
tas,1pctCO2,r1i1p1f1,GISS-E2-1-H,1968,2.609574914035477
tas,1pctCO2,r1i1p1f1,GISS-E2-1-H,1969,2.5512422237861756
tas,1pctCO2,r1i1p1f1,GISS-E2-1-H,1970,2.5959763429668783
tas,1pctCO2,r1i1p1f1,GISS-E2-1-H,1971,2.7929532622122224
tas,1pctCO2,r1i1p1f1,GISS-E2-1-H,1972,2.541655042574348
tas,1pctCO2,r1i1p1f1,GISS-E2-1-H,1973,2.609587626085954
tas,1pctCO2,r1i1p1f1,GISS-E2-1-H,1974,2.7745574585355257
tas,1pctCO2,r1i1p1f1,GISS-E2-1-H,1975,2.8080083854654276
tas,1pctCO2,r1i1p1f1,GISS-E2-1-H,1976,3.0011551484280403
tas,1pctCO2,r1i1p1f1,GISS-E2-1-H,1977,2.9926631985750305
tas,1pctCO2,r1i1p1f1,GISS-E2-1-H,1978,2.827724045298055
tas,1pctCO2,r1i1p1f1,GISS-E2-1-H,1979,2.90572429830479
tas,1pctCO2,r1i1p1f1,GISS-E2-1-H,1980,2.9754473329072653
tas,1pctCO2,r1i1p1f1,GISS-E2-1-H,1981,3.1058812657674935
tas,1pctCO2,r1i1p1f1,GISS-E2-1-H,1982,3.067420443942524
tas,1pctCO2,r1i1p1f1,GISS-E2-1-H,1983,2.8444531761292637
tas,1pctCO2,r1i1p1f1,GISS-E2-1-H,1984,2.998445817903928
tas,1pctCO2,r1i1p1f1,GISS-E2-1-H,1985,3.1990268140540365
tas,1pctCO2,r1i1p1f1,GISS-E2-1-H,1986,3.0847060030269517
tas,1pctCO2,r1i1p1f1,GISS-E2-1-H,1987,3.2899067338560144
tas,1pctCO2,r1i1p1f1,GISS-E2-1-H,1988,3.158070257445729
tas,1pctCO2,r1i1p1f1,GISS-E2-1-H,1989,3.204031089072032
tas,1pctCO2,r1i1p1f1,GISS-E2-1-H,1990,3.3854726963868984
tas,1pctCO2,r1i1p1f1,GISS-E2-1-H,1991,3.3642675885376434
tas,1pctCO2,r1i1p1f1,GISS-E2-1-H,1992,3.2428580908844538
tas,1pctCO2,r1i1p1f1,GISS-E2-1-H,1993,3.4340647184320687
tas,1pctCO2,r1i1p1f1,GISS-E2-1-H,1994,3.4987415597220775
tas,1pctCO2,r1i1p1f1,GISS-E2-1-H,1995,3.387410700741839
tas,1pctCO2,r1i1p1f1,GISS-E2-1-H,1996,3.5717222654249667
tas,1pctCO2,r1i1p1f1,GISS-E2-1-H,1997,3.6885800703782934
tas,1pctCO2,r1i1p1f1,GISS-E2-1-H,1998,3.550414740612723
tas,1pctCO2,r1i1p1f1,GISS-E2-1-H,1999,3.690557220249616
tas,1pctCO2,r1i1p1f1,GISS-E2-1-H,2000,3.671603059861866
tas,abrupt-2xCO2,r1i1p1f1,GISS-E2-1-H,1850,-0.48524063898116765
tas,abrupt-2xCO2,r1i1p1f1,GISS-E2-1-H,1851,-0.06550545902189242
tas,abrupt-2xCO2,r1i1p1f1,GISS-E2-1-H,1852,0.18242726971374168
tas,abrupt-2xCO2,r1i1p1f1,GISS-E2-1-H,1853,0.35793302690382234
tas,abrupt-2xCO2,r1i1p1f1,GISS-E2-1-H,1854,0.16792070983581198
tas,abrupt-2xCO2,r1i1p1f1,GISS-E2-1-H,1855,0.3735569812741346
tas,abrupt-2xCO2,r1i1p1f1,GISS-E2-1-H,1856,0.48030638591785646
tas,abrupt-2xCO2,r1i1p1f1,GISS-E2-1-H,1857,0.4086651687664471
tas,abrupt-2xCO2,r1i1p1f1,GISS-E2-1-H,1858,0.41990427612142867
tas,abrupt-2xCO2,r1i1p1f1,GISS-E2-1-H,1859,0.5651123311357651
tas,abrupt-2xCO2,r1i1p1f1,GISS-E2-1-H,1860,0.6143921855369854
tas,abrupt-2xCO2,r1i1p1f1,GISS-E2-1-H,1861,0.741569722644158
tas,abrupt-2xCO2,r1i1p1f1,GISS-E2-1-H,1862,0.7232320530049492
tas,abrupt-2xCO2,r1i1p1f1,GISS-E2-1-H,1863,0.6280070622872245
tas,abrupt-2xCO2,r1i1p1f1,GISS-E2-1-H,1864,0.6831934315782178
tas,abrupt-2xCO2,r1i1p1f1,GISS-E2-1-H,1865,0.7727979828017624
tas,abrupt-2xCO2,r1i1p1f1,GISS-E2-1-H,1866,0.8443398600419414
tas,abrupt-2xCO2,r1i1p1f1,GISS-E2-1-H,1867,0.7977005246505087
tas,abrupt-2xCO2,r1i1p1f1,GISS-E2-1-H,1868,0.6371331675775878
tas,abrupt-2xCO2,r1i1p1f1,GISS-E2-1-H,1869,0.8114429361601765
tas,abrupt-2xCO2,r1i1p1f1,GISS-E2-1-H,1870,0.9689427318065782
tas,abrupt-2xCO2,r1i1p1f1,GISS-E2-1-H,1871,1.091351975592147
tas,abrupt-2xCO2,r1i1p1f1,GISS-E2-1-H,1872,0.8516417446502942
tas,abrupt-2xCO2,r1i1p1f1,GISS-E2-1-H,1873,0.8281317153282544
tas,abrupt-2xCO2,r1i1p1f1,GISS-E2-1-H,1874,0.8818319556947927
tas,abrupt-2xCO2,r1i1p1f1,GISS-E2-1-H,1875,0.9031893395004431
tas,abrupt-2xCO2,r1i1p1f1,GISS-E2-1-H,1876,1.0484040571794822
tas,abrupt-2xCO2,r1i1p1f1,GISS-E2-1-H,1877,0.8224708036358379
tas,abrupt-2xCO2,r1i1p1f1,GISS-E2-1-H,1878,0.7885444213512756
tas,abrupt-2xCO2,r1i1p1f1,GISS-E2-1-H,1879,0.9364936054089981
tas,abrupt-2xCO2,r1i1p1f1,GISS-E2-1-H,1880,0.6827643922686093
tas,abrupt-2xCO2,r1i1p1f1,GISS-E2-1-H,1881,0.8522013719127131
tas,abrupt-2xCO2,r1i1p1f1,GISS-E2-1-H,1882,1.0351897294601713
tas,abrupt-2xCO2,r1i1p1f1,GISS-E2-1-H,1883,1.079101504514938
tas,abrupt-2xCO2,r1i1p1f1,GISS-E2-1-H,1884,0.7363018989586863
tas,abrupt-2xCO2,r1i1p1f1,GISS-E2-1-H,1885,0.808116098093933
tas,abrupt-2xCO2,r1i1p1f1,GISS-E2-1-H,1886,0.9584870011880753
tas,abrupt-2xCO2,r1i1p1f1,GISS-E2-1-H,1887,0.8739397576290457
tas,abrupt-2xCO2,r1i1p1f1,GISS-E2-1-H,1888,1.0207618216400078
tas,abrupt-2xCO2,r1i1p1f1,GISS-E2-1-H,1889,1.1895638356807012
tas,abrupt-2xCO2,r1i1p1f1,GISS-E2-1-H,1890,0.7258661341270454
tas,abrupt-2xCO2,r1i1p1f1,GISS-E2-1-H,1891,0.7251865042516101
tas,abrupt-2xCO2,r1i1p1f1,GISS-E2-1-H,1892,1.1090129792743824
tas,abrupt-2xCO2,r1i1p1f1,GISS-E2-1-H,1893,1.138854783717079
tas,abrupt-2xCO2,r1i1p1f1,GISS-E2-1-H,1894,1.0625283589378114
tas,abrupt-2xCO2,r1i1p1f1,GISS-E2-1-H,1895,1.0260751209419254
tas,abrupt-2xCO2,r1i1p1f1,GISS-E2-1-H,1896,1.185217485225678
tas,abrupt-2xCO2,r1i1p1f1,GISS-E2-1-H,1897,1.261074171677933
tas,abrupt-2xCO2,r1i1p1f1,GISS-E2-1-H,1898,0.9863475591474185
tas,abrupt-2xCO2,r1i1p1f1,GISS-E2-1-H,1899,1.091474758683887
tas,abrupt-2xCO2,r1i1p1f1,GISS-E2-1-H,1900,1.3160080873320226
tas,abrupt-2xCO2,r1i1p1f1,GISS-E2-1-H,1901,1.2610272823503692
tas,abrupt-2xCO2,r1i1p1f1,GISS-E2-1-H,1902,1.1488227900337051
tas,abrupt-2xCO2,r1i1p1f1,GISS-E2-1-H,1903,1.0879718075472056
tas,abrupt-2xCO2,r1i1p1f1,GISS-E2-1-H,1904,1.2293235904171524
tas,abrupt-2xCO2,r1i1p1f1,GISS-E2-1-H,1905,1.2792376998714303
tas,abrupt-2xCO2,r1i1p1f1,GISS-E2-1-H,1906,1.12525026051253
tas,abrupt-2xCO2,r1i1p1f1,GISS-E2-1-H,1907,1.1207479628311603
tas,abrupt-2xCO2,r1i1p1f1,GISS-E2-1-H,1908,1.2121388393733241
tas,abrupt-2xCO2,r1i1p1f1,GISS-E2-1-H,1909,1.400897446438762
tas,abrupt-2xCO2,r1i1p1f1,GISS-E2-1-H,1910,1.0991228563818822
tas,abrupt-2xCO2,r1i1p1f1,GISS-E2-1-H,1911,1.142240268619048
tas,abrupt-2xCO2,r1i1p1f1,GISS-E2-1-H,1912,1.3692621491859995
tas,abrupt-2xCO2,r1i1p1f1,GISS-E2-1-H,1913,1.1009293032715277
tas,abrupt-2xCO2,r1i1p1f1,GISS-E2-1-H,1914,1.1101376251141915
tas,abrupt-2xCO2,r1i1p1f1,GISS-E2-1-H,1915,1.366530718930676
tas,abrupt-2xCO2,r1i1p1f1,GISS-E2-1-H,1916,1.0755033075666915
tas,abrupt-2xCO2,r1i1p1f1,GISS-E2-1-H,1917,1.113683837319968
tas,abrupt-2xCO2,r1i1p1f1,GISS-E2-1-H,1918,1.385352420617778
tas,abrupt-2xCO2,r1i1p1f1,GISS-E2-1-H,1919,1.2468159554754266
tas,abrupt-2xCO2,r1i1p1f1,GISS-E2-1-H,1920,1.0631210740478991
tas,abrupt-2xCO2,r1i1p1f1,GISS-E2-1-H,1921,1.3468445060032082
tas,abrupt-2xCO2,r1i1p1f1,GISS-E2-1-H,1922,1.4353933887928747
tas,abrupt-2xCO2,r1i1p1f1,GISS-E2-1-H,1923,1.141147205584332
tas,abrupt-2xCO2,r1i1p1f1,GISS-E2-1-H,1924,1.1305056211649571
tas,abrupt-2xCO2,r1i1p1f1,GISS-E2-1-H,1925,1.2795476930623408
tas,abrupt-2xCO2,r1i1p1f1,GISS-E2-1-H,1926,1.4257611939609092
tas,abrupt-2xCO2,r1i1p1f1,GISS-E2-1-H,1927,1.1261271057782096
tas,abrupt-2xCO2,r1i1p1f1,GISS-E2-1-H,1928,1.0562673561983615
tas,abrupt-2xCO2,r1i1p1f1,GISS-E2-1-H,1929,1.2661326617122768
tas,abrupt-2xCO2,r1i1p1f1,GISS-E2-1-H,1930,1.4648862992522709
tas,abrupt-2xCO2,r1i1p1f1,GISS-E2-1-H,1931,1.2773525672386654
tas,abrupt-2xCO2,r1i1p1f1,GISS-E2-1-H,1932,1.1292279018667841
tas,abrupt-2xCO2,r1i1p1f1,GISS-E2-1-H,1933,1.4070065602516024
tas,abrupt-2xCO2,r1i1p1f1,GISS-E2-1-H,1934,1.294274956737354
tas,abrupt-2xCO2,r1i1p1f1,GISS-E2-1-H,1935,1.2919612667484444
tas,abrupt-2xCO2,r1i1p1f1,GISS-E2-1-H,1936,1.3579275728961875
tas,abrupt-2xCO2,r1i1p1f1,GISS-E2-1-H,1937,1.5431375358432433
tas,abrupt-2xCO2,r1i1p1f1,GISS-E2-1-H,1938,1.2115655910331498
tas,abrupt-2xCO2,r1i1p1f1,GISS-E2-1-H,1939,1.2164202195333473
tas,abrupt-2xCO2,r1i1p1f1,GISS-E2-1-H,1940,1.318028660321886
tas,abrupt-2xCO2,r1i1p1f1,GISS-E2-1-H,1941,1.2300679903045193
tas,abrupt-2xCO2,r1i1p1f1,GISS-E2-1-H,1942,1.3887368516684546
tas,abrupt-2xCO2,r1i1p1f1,GISS-E2-1-H,1943,1.2579320138096364
tas,abrupt-2xCO2,r1i1p1f1,GISS-E2-1-H,1944,1.2165556469180956
tas,abrupt-2xCO2,r1i1p1f1,GISS-E2-1-H,1945,1.4159608288816798
tas,abrupt-2xCO2,r1i1p1f1,GISS-E2-1-H,1946,1.281004420821148
tas,abrupt-2xCO2,r1i1p1f1,GISS-E2-1-H,1947,1.330352335616226
tas,abrupt-2xCO2,r1i1p1f1,GISS-E2-1-H,1948,1.3707755005991658
tas,abrupt-2xCO2,r1i1p1f1,GISS-E2-1-H,1949,1.1882540175550957
tas,abrupt-2xCO2,r1i1p1f1,GISS-E2-1-H,1950,1.104531030678686
tas,abrupt-2xCO2,r1i1p1f1,GISS-E2-1-H,1951,1.1346947357263844
tas,abrupt-2xCO2,r1i1p1f1,GISS-E2-1-H,1952,1.4348740539821279
tas,abrupt-2xCO2,r1i1p1f1,GISS-E2-1-H,1953,1.2730515723304734
tas,abrupt-2xCO2,r1i1p1f1,GISS-E2-1-H,1954,1.1930292994034062
tas,abrupt-2xCO2,r1i1p1f1,GISS-E2-1-H,1955,1.3414817244262167
tas,abrupt-2xCO2,r1i1p1f1,GISS-E2-1-H,1956,1.292614969059514
tas,abrupt-2xCO2,r1i1p1f1,GISS-E2-1-H,1957,1.2303105376339545
tas,abrupt-2xCO2,r1i1p1f1,GISS-E2-1-H,1958,1.3201002295057265
tas,abrupt-2xCO2,r1i1p1f1,GISS-E2-1-H,1959,1.3896995181937086
tas,abrupt-2xCO2,r1i1p1f1,GISS-E2-1-H,1960,1.3525078107229547
tas,abrupt-2xCO2,r1i1p1f1,GISS-E2-1-H,1961,1.5267052829752288
tas,abrupt-2xCO2,r1i1p1f1,GISS-E2-1-H,1962,1.1719138243503266
tas,abrupt-2xCO2,r1i1p1f1,GISS-E2-1-H,1963,1.1161170111101342
tas,abrupt-2xCO2,r1i1p1f1,GISS-E2-1-H,1964,1.3983473327017464
tas,abrupt-2xCO2,r1i1p1f1,GISS-E2-1-H,1965,1.5038795822408133
tas,abrupt-2xCO2,r1i1p1f1,GISS-E2-1-H,1966,1.3057468597128263
tas,abrupt-2xCO2,r1i1p1f1,GISS-E2-1-H,1967,1.2824286177175281
tas,abrupt-2xCO2,r1i1p1f1,GISS-E2-1-H,1968,1.452123388698908
tas,abrupt-2xCO2,r1i1p1f1,GISS-E2-1-H,1969,1.374117992088884
tas,abrupt-2xCO2,r1i1p1f1,GISS-E2-1-H,1970,1.178613028785776
tas,abrupt-2xCO2,r1i1p1f1,GISS-E2-1-H,1971,1.2472493857665086
tas,abrupt-2xCO2,r1i1p1f1,GISS-E2-1-H,1972,1.4231508454167283
tas,abrupt-2xCO2,r1i1p1f1,GISS-E2-1-H,1973,1.1344783424946172
tas,abrupt-2xCO2,r1i1p1f1,GISS-E2-1-H,1974,1.3771139457418826
tas,abrupt-2xCO2,r1i1p1f1,GISS-E2-1-H,1975,1.4665010603887367
tas,abrupt-2xCO2,r1i1p1f1,GISS-E2-1-H,1976,1.1629762574322058
tas,abrupt-2xCO2,r1i1p1f1,GISS-E2-1-H,1977,1.1940912911681494
tas,abrupt-2xCO2,r1i1p1f1,GISS-E2-1-H,1978,1.4993455043659196
tas,abrupt-2xCO2,r1i1p1f1,GISS-E2-1-H,1979,1.3080228801788962
tas,abrupt-2xCO2,r1i1p1f1,GISS-E2-1-H,1980,1.287820321208983
tas,abrupt-2xCO2,r1i1p1f1,GISS-E2-1-H,1981,1.4043272280628116
tas,abrupt-2xCO2,r1i1p1f1,GISS-E2-1-H,1982,1.461069091086756
tas,abrupt-2xCO2,r1i1p1f1,GISS-E2-1-H,1983,1.1638461931351571
tas,abrupt-2xCO2,r1i1p1f1,GISS-E2-1-H,1984,1.3541069807092754
tas,abrupt-2xCO2,r1i1p1f1,GISS-E2-1-H,1985,1.3310772789427574
tas,abrupt-2xCO2,r1i1p1f1,GISS-E2-1-H,1986,1.306401436874694
tas,abrupt-2xCO2,r1i1p1f1,GISS-E2-1-H,1987,1.4542280886796561
tas,abrupt-2xCO2,r1i1p1f1,GISS-E2-1-H,1988,1.5252756884158885
tas,abrupt-2xCO2,r1i1p1f1,GISS-E2-1-H,1989,1.38477423766642
tas,abrupt-2xCO2,r1i1p1f1,GISS-E2-1-H,1990,1.46744252933172
tas,abrupt-2xCO2,r1i1p1f1,GISS-E2-1-H,1991,1.5673438925989558
tas,abrupt-2xCO2,r1i1p1f1,GISS-E2-1-H,1992,1.2744196170496593
tas,abrupt-2xCO2,r1i1p1f1,GISS-E2-1-H,1993,1.3937562742829641
tas,abrupt-2xCO2,r1i1p1f1,GISS-E2-1-H,1994,1.512240980078218
tas,abrupt-2xCO2,r1i1p1f1,GISS-E2-1-H,1995,1.2969346887732627
tas,abrupt-2xCO2,r1i1p1f1,GISS-E2-1-H,1996,1.4523121093016016
tas,abrupt-2xCO2,r1i1p1f1,GISS-E2-1-H,1997,1.608861095788825
tas,abrupt-2xCO2,r1i1p1f1,GISS-E2-1-H,1998,1.3982689210143917
tas,abrupt-2xCO2,r1i1p1f1,GISS-E2-1-H,1999,1.3188223574472886
tas,abrupt-2xCO2,r1i1p1f1,GISS-E2-1-H,2000,1.4943715917534064
tas,abrupt-4xCO2,r1i1p1f1,GISS-E2-1-H,1850,0.13882794596304393
tas,abrupt-4xCO2,r1i1p1f1,GISS-E2-1-H,1851,0.844054002549683
tas,abrupt-4xCO2,r1i1p1f1,GISS-E2-1-H,1852,0.9764842279327013
tas,abrupt-4xCO2,r1i1p1f1,GISS-E2-1-H,1853,1.314822049443137
tas,abrupt-4xCO2,r1i1p1f1,GISS-E2-1-H,1854,1.7645620396920094
tas,abrupt-4xCO2,r1i1p1f1,GISS-E2-1-H,1855,1.9792142020689312
tas,abrupt-4xCO2,r1i1p1f1,GISS-E2-1-H,1856,2.0623254605371812
tas,abrupt-4xCO2,r1i1p1f1,GISS-E2-1-H,1857,2.028751127603755
tas,abrupt-4xCO2,r1i1p1f1,GISS-E2-1-H,1858,2.043333786579751
tas,abrupt-4xCO2,r1i1p1f1,GISS-E2-1-H,1859,2.3208071431419057
tas,abrupt-4xCO2,r1i1p1f1,GISS-E2-1-H,1860,2.619504698270646
tas,abrupt-4xCO2,r1i1p1f1,GISS-E2-1-H,1861,2.307622715313073
tas,abrupt-4xCO2,r1i1p1f1,GISS-E2-1-H,1862,2.3370086406136465
tas,abrupt-4xCO2,r1i1p1f1,GISS-E2-1-H,1863,2.6250013296672137
tas,abrupt-4xCO2,r1i1p1f1,GISS-E2-1-H,1864,2.6138582471682525
tas,abrupt-4xCO2,r1i1p1f1,GISS-E2-1-H,1865,2.4833350035401054
tas,abrupt-4xCO2,r1i1p1f1,GISS-E2-1-H,1866,2.670129317817441
tas,abrupt-4xCO2,r1i1p1f1,GISS-E2-1-H,1867,2.94284422502119
tas,abrupt-4xCO2,r1i1p1f1,GISS-E2-1-H,1868,2.8391260386291606
tas,abrupt-4xCO2,r1i1p1f1,GISS-E2-1-H,1869,2.791743261380475
tas,abrupt-4xCO2,r1i1p1f1,GISS-E2-1-H,1870,2.8659740762097954
tas,abrupt-4xCO2,r1i1p1f1,GISS-E2-1-H,1871,3.0461956005561888
tas,abrupt-4xCO2,r1i1p1f1,GISS-E2-1-H,1872,2.823076087478512
tas,abrupt-4xCO2,r1i1p1f1,GISS-E2-1-H,1873,2.8775849084339598
tas,abrupt-4xCO2,r1i1p1f1,GISS-E2-1-H,1874,3.090053452261259
tas,abrupt-4xCO2,r1i1p1f1,GISS-E2-1-H,1875,2.948126498852389
tas,abrupt-4xCO2,r1i1p1f1,GISS-E2-1-H,1876,3.0678087036058628
tas,abrupt-4xCO2,r1i1p1f1,GISS-E2-1-H,1877,3.208914799279455
tas,abrupt-4xCO2,r1i1p1f1,GISS-E2-1-H,1878,2.8483877583796584
tas,abrupt-4xCO2,r1i1p1f1,GISS-E2-1-H,1879,2.935597872381436
tas,abrupt-4xCO2,r1i1p1f1,GISS-E2-1-H,1880,3.0702045011557857
tas,abrupt-4xCO2,r1i1p1f1,GISS-E2-1-H,1881,3.2169782708764387
tas,abrupt-4xCO2,r1i1p1f1,GISS-E2-1-H,1882,3.1193063330707105
tas,abrupt-4xCO2,r1i1p1f1,GISS-E2-1-H,1883,3.2330598449409536
tas,abrupt-4xCO2,r1i1p1f1,GISS-E2-1-H,1884,3.1594909740581443
tas,abrupt-4xCO2,r1i1p1f1,GISS-E2-1-H,1885,3.042831660770048
tas,abrupt-4xCO2,r1i1p1f1,GISS-E2-1-H,1886,3.1810832958092305
tas,abrupt-4xCO2,r1i1p1f1,GISS-E2-1-H,1887,3.2953147765975928
tas,abrupt-4xCO2,r1i1p1f1,GISS-E2-1-H,1888,3.1645763304578622
tas,abrupt-4xCO2,r1i1p1f1,GISS-E2-1-H,1889,3.198473499298302
tas,abrupt-4xCO2,r1i1p1f1,GISS-E2-1-H,1890,3.33521741710814
tas,abrupt-4xCO2,r1i1p1f1,GISS-E2-1-H,1891,3.0136468772742546
tas,abrupt-4xCO2,r1i1p1f1,GISS-E2-1-H,1892,3.149646220660486
tas,abrupt-4xCO2,r1i1p1f1,GISS-E2-1-H,1893,3.426598491563027
tas,abrupt-4xCO2,r1i1p1f1,GISS-E2-1-H,1894,3.3873202957066155
tas,abrupt-4xCO2,r1i1p1f1,GISS-E2-1-H,1895,3.3907836326237657
tas,abrupt-4xCO2,r1i1p1f1,GISS-E2-1-H,1896,3.211110736119963
tas,abrupt-4xCO2,r1i1p1f1,GISS-E2-1-H,1897,3.436323872435082
tas,abrupt-4xCO2,r1i1p1f1,GISS-E2-1-H,1898,3.29428455816128
tas,abrupt-4xCO2,r1i1p1f1,GISS-E2-1-H,1899,3.0621561927646894
tas,abrupt-4xCO2,r1i1p1f1,GISS-E2-1-H,1900,3.411949804906726
tas,abrupt-4xCO2,r1i1p1f1,GISS-E2-1-H,1901,3.4255393125477553
tas,abrupt-4xCO2,r1i1p1f1,GISS-E2-1-H,1902,3.2299902509089407
tas,abrupt-4xCO2,r1i1p1f1,GISS-E2-1-H,1903,3.47343587415196
tas,abrupt-4xCO2,r1i1p1f1,GISS-E2-1-H,1904,3.460579855679157
tas,abrupt-4xCO2,r1i1p1f1,GISS-E2-1-H,1905,3.2394676100893207
tas,abrupt-4xCO2,r1i1p1f1,GISS-E2-1-H,1906,3.4732860508083263
tas,abrupt-4xCO2,r1i1p1f1,GISS-E2-1-H,1907,3.503950870164374
tas,abrupt-4xCO2,r1i1p1f1,GISS-E2-1-H,1908,3.3420221142463333
tas,abrupt-4xCO2,r1i1p1f1,GISS-E2-1-H,1909,3.5682032050130488
tas,abrupt-4xCO2,r1i1p1f1,GISS-E2-1-H,1910,3.419130009541732
tas,abrupt-4xCO2,r1i1p1f1,GISS-E2-1-H,1911,3.2030532180323803
tas,abrupt-4xCO2,r1i1p1f1,GISS-E2-1-H,1912,3.4018824757651487
tas,abrupt-4xCO2,r1i1p1f1,GISS-E2-1-H,1913,3.4749849845176755
tas,abrupt-4xCO2,r1i1p1f1,GISS-E2-1-H,1914,3.4817365476349664
tas,abrupt-4xCO2,r1i1p1f1,GISS-E2-1-H,1915,3.283852530852471
tas,abrupt-4xCO2,r1i1p1f1,GISS-E2-1-H,1916,3.48628437275363
tas,abrupt-4xCO2,r1i1p1f1,GISS-E2-1-H,1917,3.567696305025379
tas,abrupt-4xCO2,r1i1p1f1,GISS-E2-1-H,1918,3.411063134967492
tas,abrupt-4xCO2,r1i1p1f1,GISS-E2-1-H,1919,3.4162204960474583
tas,abrupt-4xCO2,r1i1p1f1,GISS-E2-1-H,1920,3.578456553187948
tas,abrupt-4xCO2,r1i1p1f1,GISS-E2-1-H,1921,3.4298229365967927
tas,abrupt-4xCO2,r1i1p1f1,GISS-E2-1-H,1922,3.673962802888809
tas,abrupt-4xCO2,r1i1p1f1,GISS-E2-1-H,1923,3.6153370644094593
tas,abrupt-4xCO2,r1i1p1f1,GISS-E2-1-H,1924,3.5156917367540927
tas,abrupt-4xCO2,r1i1p1f1,GISS-E2-1-H,1925,3.7213366628518543
tas,abrupt-4xCO2,r1i1p1f1,GISS-E2-1-H,1926,3.767392794888792
tas,abrupt-4xCO2,r1i1p1f1,GISS-E2-1-H,1927,3.4564290998754927
tas,abrupt-4xCO2,r1i1p1f1,GISS-E2-1-H,1928,3.5251895519846244
tas,abrupt-4xCO2,r1i1p1f1,GISS-E2-1-H,1929,3.8032969939752093
tas,abrupt-4xCO2,r1i1p1f1,GISS-E2-1-H,1930,3.638122433722401
tas,abrupt-4xCO2,r1i1p1f1,GISS-E2-1-H,1931,3.755386446834734
tas,abrupt-4xCO2,r1i1p1f1,GISS-E2-1-H,1932,3.602666766991888
tas,abrupt-4xCO2,r1i1p1f1,GISS-E2-1-H,1933,3.4789321631667462
tas,abrupt-4xCO2,r1i1p1f1,GISS-E2-1-H,1934,3.5623390061232385
tas,abrupt-4xCO2,r1i1p1f1,GISS-E2-1-H,1935,3.6763513898299607
tas,abrupt-4xCO2,r1i1p1f1,GISS-E2-1-H,1936,3.454992079231886
tas,abrupt-4xCO2,r1i1p1f1,GISS-E2-1-H,1937,3.7364049552429037
tas,abrupt-4xCO2,r1i1p1f1,GISS-E2-1-H,1938,3.7936252239441046
tas,abrupt-4xCO2,r1i1p1f1,GISS-E2-1-H,1939,3.606920298680791
tas,abrupt-4xCO2,r1i1p1f1,GISS-E2-1-H,1940,3.7072573907571496
tas,abrupt-4xCO2,r1i1p1f1,GISS-E2-1-H,1941,3.7968033803994103
tas,abrupt-4xCO2,r1i1p1f1,GISS-E2-1-H,1942,3.611225749398045
tas,abrupt-4xCO2,r1i1p1f1,GISS-E2-1-H,1943,3.756580131515591
tas,abrupt-4xCO2,r1i1p1f1,GISS-E2-1-H,1944,3.9093275607745
tas,abrupt-4xCO2,r1i1p1f1,GISS-E2-1-H,1945,3.687248876857552
tas,abrupt-4xCO2,r1i1p1f1,GISS-E2-1-H,1946,3.682909695675505
tas,abrupt-4xCO2,r1i1p1f1,GISS-E2-1-H,1947,3.8547737421677084
tas,abrupt-4xCO2,r1i1p1f1,GISS-E2-1-H,1948,3.791355697418453
tas,abrupt-4xCO2,r1i1p1f1,GISS-E2-1-H,1949,3.610254710377035
tas,abrupt-4xCO2,r1i1p1f1,GISS-E2-1-H,1950,3.8048827839876367
tas,abrupt-4xCO2,r1i1p1f1,GISS-E2-1-H,1951,3.7736829917486716
tas,abrupt-4xCO2,r1i1p1f1,GISS-E2-1-H,1952,3.578647494190477
tas,abrupt-4xCO2,r1i1p1f1,GISS-E2-1-H,1953,3.732262778735276
tas,abrupt-4xCO2,r1i1p1f1,GISS-E2-1-H,1954,3.824385053657238
tas,abrupt-4xCO2,r1i1p1f1,GISS-E2-1-H,1955,3.7522741962411033
tas,abrupt-4xCO2,r1i1p1f1,GISS-E2-1-H,1956,4.016232013692388
tas,abrupt-4xCO2,r1i1p1f1,GISS-E2-1-H,1957,3.72132364552823
tas,abrupt-4xCO2,r1i1p1f1,GISS-E2-1-H,1958,3.7342573535576093
tas,abrupt-4xCO2,r1i1p1f1,GISS-E2-1-H,1959,3.8901930652471606
tas,abrupt-4xCO2,r1i1p1f1,GISS-E2-1-H,1960,3.7896962602391113
tas,abrupt-4xCO2,r1i1p1f1,GISS-E2-1-H,1961,3.9538975748662324
tas,abrupt-4xCO2,r1i1p1f1,GISS-E2-1-H,1962,3.8845070882218806
tas,abrupt-4xCO2,r1i1p1f1,GISS-E2-1-H,1963,3.8853461198031027
tas,abrupt-4xCO2,r1i1p1f1,GISS-E2-1-H,1964,3.771886658353992
tas,abrupt-4xCO2,r1i1p1f1,GISS-E2-1-H,1965,3.9377585688495174
tas,abrupt-4xCO2,r1i1p1f1,GISS-E2-1-H,1966,4.03433368605431
tas,abrupt-4xCO2,r1i1p1f1,GISS-E2-1-H,1967,3.9842077078191664
tas,abrupt-4xCO2,r1i1p1f1,GISS-E2-1-H,1968,4.033145653453971
tas,abrupt-4xCO2,r1i1p1f1,GISS-E2-1-H,1969,3.8715696688375942
tas,abrupt-4xCO2,r1i1p1f1,GISS-E2-1-H,1970,4.028387461502177
tas,abrupt-4xCO2,r1i1p1f1,GISS-E2-1-H,1971,4.020794109204985
tas,abrupt-4xCO2,r1i1p1f1,GISS-E2-1-H,1972,3.8907113540097953
tas,abrupt-4xCO2,r1i1p1f1,GISS-E2-1-H,1973,3.865165970366661
tas,abrupt-4xCO2,r1i1p1f1,GISS-E2-1-H,1974,3.8218123518938114
tas,abrupt-4xCO2,r1i1p1f1,GISS-E2-1-H,1975,3.757718518819729
tas,abrupt-4xCO2,r1i1p1f1,GISS-E2-1-H,1976,3.8270581573209483
tas,abrupt-4xCO2,r1i1p1f1,GISS-E2-1-H,1977,4.010801666002408
tas,abrupt-4xCO2,r1i1p1f1,GISS-E2-1-H,1978,3.8774380751778494
tas,abrupt-4xCO2,r1i1p1f1,GISS-E2-1-H,1979,3.9189824078047195
tas,abrupt-4xCO2,r1i1p1f1,GISS-E2-1-H,1980,3.9737115125944342
tas,abrupt-4xCO2,r1i1p1f1,GISS-E2-1-H,1981,3.7755426901584315
tas,abrupt-4xCO2,r1i1p1f1,GISS-E2-1-H,1982,3.9620002360503577
tas,abrupt-4xCO2,r1i1p1f1,GISS-E2-1-H,1983,4.018008673692179
tas,abrupt-4xCO2,r1i1p1f1,GISS-E2-1-H,1984,3.7462360368298278
tas,abrupt-4xCO2,r1i1p1f1,GISS-E2-1-H,1985,3.987343420598336
tas,abrupt-4xCO2,r1i1p1f1,GISS-E2-1-H,1986,4.018732511426151
tas,abrupt-4xCO2,r1i1p1f1,GISS-E2-1-H,1987,3.782578657994634
tas,abrupt-4xCO2,r1i1p1f1,GISS-E2-1-H,1988,3.8918992770383625
tas,abrupt-4xCO2,r1i1p1f1,GISS-E2-1-H,1989,4.111408990749283
tas,abrupt-4xCO2,r1i1p1f1,GISS-E2-1-H,1990,3.8233956875170634
tas,abrupt-4xCO2,r1i1p1f1,GISS-E2-1-H,1991,3.9025209348476437
tas,abrupt-4xCO2,r1i1p1f1,GISS-E2-1-H,1992,4.081552510973495
tas,abrupt-4xCO2,r1i1p1f1,GISS-E2-1-H,1993,3.8561980034531302
tas,abrupt-4xCO2,r1i1p1f1,GISS-E2-1-H,1994,4.03935532374652
tas,abrupt-4xCO2,r1i1p1f1,GISS-E2-1-H,1995,4.098064686166822
tas,abrupt-4xCO2,r1i1p1f1,GISS-E2-1-H,1996,3.91688302676954
tas,abrupt-4xCO2,r1i1p1f1,GISS-E2-1-H,1997,4.090978921577687
tas,abrupt-4xCO2,r1i1p1f1,GISS-E2-1-H,1998,4.198522556482885
tas,abrupt-4xCO2,r1i1p1f1,GISS-E2-1-H,1999,3.995930476366482
tas,abrupt-4xCO2,r1i1p1f1,GISS-E2-1-H,2000,4.10945553730096
tas,abrupt-4xCO2,r1i1p3f1,GISS-E2-1-H,1850,0.22149111762252005
tas,abrupt-4xCO2,r1i1p3f1,GISS-E2-1-H,1851,0.5864636869422384
tas,abrupt-4xCO2,r1i1p3f1,GISS-E2-1-H,1852,1.0388371573502013
tas,abrupt-4xCO2,r1i1p3f1,GISS-E2-1-H,1853,1.3541027742513734
tas,abrupt-4xCO2,r1i1p3f1,GISS-E2-1-H,1854,1.7324355127646527
tas,abrupt-4xCO2,r1i1p3f1,GISS-E2-1-H,1855,1.6295340984637505
tas,abrupt-4xCO2,r1i1p3f1,GISS-E2-1-H,1856,1.851599767805567
tas,abrupt-4xCO2,r1i1p3f1,GISS-E2-1-H,1857,2.09566993650202
tas,abrupt-4xCO2,r1i1p3f1,GISS-E2-1-H,1858,2.1255502734251763
tas,abrupt-4xCO2,r1i1p3f1,GISS-E2-1-H,1859,2.1261970967631214
tas,abrupt-4xCO2,r1i1p3f1,GISS-E2-1-H,1860,2.220865561442622
tas,abrupt-4xCO2,r1i1p3f1,GISS-E2-1-H,1861,2.3810602675150108
tas,abrupt-4xCO2,r1i1p3f1,GISS-E2-1-H,1862,2.495367716423118
tas,abrupt-4xCO2,r1i1p3f1,GISS-E2-1-H,1863,2.3716880812506247
tas,abrupt-4xCO2,r1i1p3f1,GISS-E2-1-H,1864,2.6139489592109157
tas,abrupt-4xCO2,r1i1p3f1,GISS-E2-1-H,1865,2.701240132690259
tas,abrupt-4xCO2,r1i1p3f1,GISS-E2-1-H,1866,2.4532495135522367
tas,abrupt-4xCO2,r1i1p3f1,GISS-E2-1-H,1867,2.6986095685580267
tas,abrupt-4xCO2,r1i1p3f1,GISS-E2-1-H,1868,2.812751313588535
tas,abrupt-4xCO2,r1i1p3f1,GISS-E2-1-H,1869,2.555124226323642
tas,abrupt-4xCO2,r1i1p3f1,GISS-E2-1-H,1870,2.746010930726584
tas,abrupt-4xCO2,r1i1p3f1,GISS-E2-1-H,1871,2.915652655838869
tas,abrupt-4xCO2,r1i1p3f1,GISS-E2-1-H,1872,2.713442482676953
tas,abrupt-4xCO2,r1i1p3f1,GISS-E2-1-H,1873,2.8966109236392867
tas,abrupt-4xCO2,r1i1p3f1,GISS-E2-1-H,1874,2.952858542494539
tas,abrupt-4xCO2,r1i1p3f1,GISS-E2-1-H,1875,2.6452828247257116
tas,abrupt-4xCO2,r1i1p3f1,GISS-E2-1-H,1876,2.857336644971099
tas,abrupt-4xCO2,r1i1p3f1,GISS-E2-1-H,1877,3.0625855188172295
tas,abrupt-4xCO2,r1i1p3f1,GISS-E2-1-H,1878,2.7091893756787044
tas,abrupt-4xCO2,r1i1p3f1,GISS-E2-1-H,1879,2.8230227011259217
tas,abrupt-4xCO2,r1i1p3f1,GISS-E2-1-H,1880,3.1432475074889226
tas,abrupt-4xCO2,r1i1p3f1,GISS-E2-1-H,1881,3.0470417452369247
tas,abrupt-4xCO2,r1i1p3f1,GISS-E2-1-H,1882,2.9642726998077364
tas,abrupt-4xCO2,r1i1p3f1,GISS-E2-1-H,1883,3.155523958787967
tas,abrupt-4xCO2,r1i1p3f1,GISS-E2-1-H,1884,2.997166649540418
tas,abrupt-4xCO2,r1i1p3f1,GISS-E2-1-H,1885,3.049636320130162
tas,abrupt-4xCO2,r1i1p3f1,GISS-E2-1-H,1886,3.268573648942379
tas,abrupt-4xCO2,r1i1p3f1,GISS-E2-1-H,1887,3.023501266946994
tas,abrupt-4xCO2,r1i1p3f1,GISS-E2-1-H,1888,3.025373881252733
tas,abrupt-4xCO2,r1i1p3f1,GISS-E2-1-H,1889,3.1721812954034476
tas,abrupt-4xCO2,r1i1p3f1,GISS-E2-1-H,1890,3.01668209053247
tas,abrupt-4xCO2,r1i1p3f1,GISS-E2-1-H,1891,3.0559803521875324
tas,abrupt-4xCO2,r1i1p3f1,GISS-E2-1-H,1892,3.2404556917293235
tas,abrupt-4xCO2,r1i1p3f1,GISS-E2-1-H,1893,3.0024152968932185
tas,abrupt-4xCO2,r1i1p3f1,GISS-E2-1-H,1894,3.070074755936446
tas,abrupt-4xCO2,r1i1p3f1,GISS-E2-1-H,1895,3.2694733410905314
tas,abrupt-4xCO2,r1i1p3f1,GISS-E2-1-H,1896,3.3649506716851647
tas,abrupt-4xCO2,r1i1p3f1,GISS-E2-1-H,1897,3.3028149730731116
tas,abrupt-4xCO2,r1i1p3f1,GISS-E2-1-H,1898,3.1766000562624868
tas,abrupt-4xCO2,r1i1p3f1,GISS-E2-1-H,1899,3.2474957295876834
tas,abrupt-4xCO2,r1i1p3f1,GISS-E2-1-H,1900,3.4704256348047124
tas,abrupt-4xCO2,r1i1p3f1,GISS-E2-1-H,1901,3.2666730884780577
tas,abrupt-4xCO2,r1i1p3f1,GISS-E2-1-H,1902,3.2252311211000233
tas,abrupt-4xCO2,r1i1p3f1,GISS-E2-1-H,1903,3.4456355094418427
tas,abrupt-4xCO2,r1i1p3f1,GISS-E2-1-H,1904,3.4661179612365345
tas,abrupt-4xCO2,r1i1p3f1,GISS-E2-1-H,1905,3.3757304608498657
tas,abrupt-4xCO2,r1i1p3f1,GISS-E2-1-H,1906,3.5677505879947944
tas,abrupt-4xCO2,r1i1p3f1,GISS-E2-1-H,1907,3.384386269895856
tas,abrupt-4xCO2,r1i1p3f1,GISS-E2-1-H,1908,3.241920325786623
tas,abrupt-4xCO2,r1i1p3f1,GISS-E2-1-H,1909,3.4498624650237275
tas,abrupt-4xCO2,r1i1p3f1,GISS-E2-1-H,1910,3.630715270908013
tas,abrupt-4xCO2,r1i1p3f1,GISS-E2-1-H,1911,3.3050901404757838
tas,abrupt-4xCO2,r1i1p3f1,GISS-E2-1-H,1912,3.3250687462654582
tas,abrupt-4xCO2,r1i1p3f1,GISS-E2-1-H,1913,3.618755412600592
tas,abrupt-4xCO2,r1i1p3f1,GISS-E2-1-H,1914,3.623980657565312
tas,abrupt-4xCO2,r1i1p3f1,GISS-E2-1-H,1915,3.5996183606915224
tas,abrupt-4xCO2,r1i1p3f1,GISS-E2-1-H,1916,3.4660576882616283
tas,abrupt-4xCO2,r1i1p3f1,GISS-E2-1-H,1917,3.562895002317532
tas,abrupt-4xCO2,r1i1p3f1,GISS-E2-1-H,1918,3.398943063034551
tas,abrupt-4xCO2,r1i1p3f1,GISS-E2-1-H,1919,3.4153632654271178
tas,abrupt-4xCO2,r1i1p3f1,GISS-E2-1-H,1920,3.621118222865732
tas,abrupt-4xCO2,r1i1p3f1,GISS-E2-1-H,1921,3.2975247605580194
tas,abrupt-4xCO2,r1i1p3f1,GISS-E2-1-H,1922,3.4203853149010683
tas,abrupt-4xCO2,r1i1p3f1,GISS-E2-1-H,1923,3.655287732641341
tas,abrupt-4xCO2,r1i1p3f1,GISS-E2-1-H,1924,3.548647053682771
tas,abrupt-4xCO2,r1i1p3f1,GISS-E2-1-H,1925,3.637819554151008
tas,abrupt-4xCO2,r1i1p3f1,GISS-E2-1-H,1926,3.675323551753422
tas,abrupt-4xCO2,r1i1p3f1,GISS-E2-1-H,1927,3.4610345160556903
tas,abrupt-4xCO2,r1i1p3f1,GISS-E2-1-H,1928,3.614532754595359
tas,abrupt-4xCO2,r1i1p3f1,GISS-E2-1-H,1929,3.5977080679996334
tas,abrupt-4xCO2,r1i1p3f1,GISS-E2-1-H,1930,3.3368722191917186
tas,abrupt-4xCO2,r1i1p3f1,GISS-E2-1-H,1931,3.5029449221829623
tas,abrupt-4xCO2,r1i1p3f1,GISS-E2-1-H,1932,3.8329093426361283
tas,abrupt-4xCO2,r1i1p3f1,GISS-E2-1-H,1933,3.775033231248756
tas,abrupt-4xCO2,r1i1p3f1,GISS-E2-1-H,1934,3.624415715446105
tas,abrupt-4xCO2,r1i1p3f1,GISS-E2-1-H,1935,3.808384342054353
tas,abrupt-4xCO2,r1i1p3f1,GISS-E2-1-H,1936,3.913505635785725
tas,abrupt-4xCO2,r1i1p3f1,GISS-E2-1-H,1937,3.691457221166445
tas,abrupt-4xCO2,r1i1p3f1,GISS-E2-1-H,1938,3.7060302556802185
tas,abrupt-4xCO2,r1i1p3f1,GISS-E2-1-H,1939,3.7200615336230385
tas,abrupt-4xCO2,r1i1p3f1,GISS-E2-1-H,1940,3.5900623930518805
tas,abrupt-4xCO2,r1i1p3f1,GISS-E2-1-H,1941,3.9219250182675296
tas,abrupt-4xCO2,r1i1p3f1,GISS-E2-1-H,1942,3.7666367187147785
tas,abrupt-4xCO2,r1i1p3f1,GISS-E2-1-H,1943,3.6853752001424596
tas,abrupt-4xCO2,r1i1p3f1,GISS-E2-1-H,1944,3.892320354977471
tas,abrupt-4xCO2,r1i1p3f1,GISS-E2-1-H,1945,3.9253895120760944
tas,abrupt-4xCO2,r1i1p3f1,GISS-E2-1-H,1946,3.5586818597731735
tas,abrupt-4xCO2,r1i1p3f1,GISS-E2-1-H,1947,3.661892494481094
tas,abrupt-4xCO2,r1i1p3f1,GISS-E2-1-H,1948,3.908820060318419
tas,abrupt-4xCO2,r1i1p3f1,GISS-E2-1-H,1949,3.6494485310331584
tas,abrupt-4xCO2,r1i1p3f1,GISS-E2-1-H,1950,3.764932924345999
tas,abrupt-4xCO2,r1i1p3f1,GISS-E2-1-H,1951,3.944999818699216
tas,abrupt-4xCO2,r1i1p3f1,GISS-E2-1-H,1952,3.71711162523286
tas,abrupt-4xCO2,r1i1p3f1,GISS-E2-1-H,1953,3.847475159530177
tas,abrupt-4xCO2,r1i1p3f1,GISS-E2-1-H,1954,3.990472113222893
tas,abrupt-4xCO2,r1i1p3f1,GISS-E2-1-H,1955,3.9992130356457665
tas,abrupt-4xCO2,r1i1p3f1,GISS-E2-1-H,1956,3.8001937115672035
tas,abrupt-4xCO2,r1i1p3f1,GISS-E2-1-H,1957,3.8561472428667116
tas,abrupt-4xCO2,r1i1p3f1,GISS-E2-1-H,1958,3.954575815020064
tas,abrupt-4xCO2,r1i1p3f1,GISS-E2-1-H,1959,3.61495786438212
tas,abrupt-4xCO2,r1i1p3f1,GISS-E2-1-H,1960,3.7594324402774077
tas,abrupt-4xCO2,r1i1p3f1,GISS-E2-1-H,1961,3.8282262911503153
tas,abrupt-4xCO2,r1i1p3f1,GISS-E2-1-H,1962,3.692073176762335
tas,abrupt-4xCO2,r1i1p3f1,GISS-E2-1-H,1963,3.789034646269613
tas,abrupt-4xCO2,r1i1p3f1,GISS-E2-1-H,1964,3.939018020740491
tas,abrupt-4xCO2,r1i1p3f1,GISS-E2-1-H,1965,3.8796676236934786
tas,abrupt-4xCO2,r1i1p3f1,GISS-E2-1-H,1966,3.7690742275976845
tas,abrupt-4xCO2,r1i1p3f1,GISS-E2-1-H,1967,3.915000171711256
tas,abrupt-4xCO2,r1i1p3f1,GISS-E2-1-H,1968,3.7163747478455207
tas,abrupt-4xCO2,r1i1p3f1,GISS-E2-1-H,1969,3.8666730140535606
tas,abrupt-4xCO2,r1i1p3f1,GISS-E2-1-H,1970,3.942589674648218
tas,abrupt-4xCO2,r1i1p3f1,GISS-E2-1-H,1971,3.782889353715973
tas,abrupt-4xCO2,r1i1p3f1,GISS-E2-1-H,1972,4.0345149226133685
tas,abrupt-4xCO2,r1i1p3f1,GISS-E2-1-H,1973,4.0569073908562245
tas,abrupt-4xCO2,r1i1p3f1,GISS-E2-1-H,1974,4.149862827164952
tas,abrupt-4xCO2,r1i1p3f1,GISS-E2-1-H,1975,4.141198764802823
tas,abrupt-4xCO2,r1i1p3f1,GISS-E2-1-H,1976,3.789871163919031
tas,abrupt-4xCO2,r1i1p3f1,GISS-E2-1-H,1977,3.850259356521576
tas,abrupt-4xCO2,r1i1p3f1,GISS-E2-1-H,1978,4.021787064803675
tas,abrupt-4xCO2,r1i1p3f1,GISS-E2-1-H,1979,3.9286642651999273
tas,abrupt-4xCO2,r1i1p3f1,GISS-E2-1-H,1980,3.8389619535640804
tas,abrupt-4xCO2,r1i1p3f1,GISS-E2-1-H,1981,4.124366379360083
tas,abrupt-4xCO2,r1i1p3f1,GISS-E2-1-H,1982,3.860355896473436
tas,abrupt-4xCO2,r1i1p3f1,GISS-E2-1-H,1983,3.8987919598556573
tas,abrupt-4xCO2,r1i1p3f1,GISS-E2-1-H,1984,3.9361426890991993
tas,abrupt-4xCO2,r1i1p3f1,GISS-E2-1-H,1985,3.8225785411212314
tas,abrupt-4xCO2,r1i1p3f1,GISS-E2-1-H,1986,3.901858100173513
tas,abrupt-4xCO2,r1i1p3f1,GISS-E2-1-H,1987,3.9983340493142236
tas,abrupt-4xCO2,r1i1p3f1,GISS-E2-1-H,1988,3.830530294636162
tas,abrupt-4xCO2,r1i1p3f1,GISS-E2-1-H,1989,3.880562310580274
tas,abrupt-4xCO2,r1i1p3f1,GISS-E2-1-H,1990,3.9530190961854714
tas,abrupt-4xCO2,r1i1p3f1,GISS-E2-1-H,1991,3.941031247670935
tas,abrupt-4xCO2,r1i1p3f1,GISS-E2-1-H,1992,4.100263027042558
tas,abrupt-4xCO2,r1i1p3f1,GISS-E2-1-H,1993,4.193132557674801
tas,abrupt-4xCO2,r1i1p3f1,GISS-E2-1-H,1994,4.069827168620179
tas,abrupt-4xCO2,r1i1p3f1,GISS-E2-1-H,1995,3.946387181241846
tas,abrupt-4xCO2,r1i1p3f1,GISS-E2-1-H,1996,4.002372238392866
tas,abrupt-4xCO2,r1i1p3f1,GISS-E2-1-H,1997,4.146732563143644
tas,abrupt-4xCO2,r1i1p3f1,GISS-E2-1-H,1998,3.8828802754561593
tas,abrupt-4xCO2,r1i1p3f1,GISS-E2-1-H,1999,4.019985402681812
tas,abrupt-4xCO2,r1i1p3f1,GISS-E2-1-H,2000,4.074733567611418
tas,abrupt-4xCO2,r1i1p5f1,GISS-E2-1-H,1850,0.3442076934974807
tas,abrupt-4xCO2,r1i1p5f1,GISS-E2-1-H,1851,1.0097333100565038
tas,abrupt-4xCO2,r1i1p5f1,GISS-E2-1-H,1852,1.0068756103119085
tas,abrupt-4xCO2,r1i1p5f1,GISS-E2-1-H,1853,1.123807647181195
tas,abrupt-4xCO2,r1i1p5f1,GISS-E2-1-H,1854,1.403820517677275
tas,abrupt-4xCO2,r1i1p5f1,GISS-E2-1-H,1855,1.691279650332774
tas,abrupt-4xCO2,r1i1p5f1,GISS-E2-1-H,1856,1.9563322670624643
tas,abrupt-4xCO2,r1i1p5f1,GISS-E2-1-H,1857,2.2068393233134316
tas,abrupt-4xCO2,r1i1p5f1,GISS-E2-1-H,1858,2.078889803189668
tas,abrupt-4xCO2,r1i1p5f1,GISS-E2-1-H,1859,2.0729870631141125
tas,abrupt-4xCO2,r1i1p5f1,GISS-E2-1-H,1860,2.4960243108266127
tas,abrupt-4xCO2,r1i1p5f1,GISS-E2-1-H,1861,2.316316968488934
tas,abrupt-4xCO2,r1i1p5f1,GISS-E2-1-H,1862,2.214917621032612
tas,abrupt-4xCO2,r1i1p5f1,GISS-E2-1-H,1863,2.4372620855882587
tas,abrupt-4xCO2,r1i1p5f1,GISS-E2-1-H,1864,2.6339410270701364
tas,abrupt-4xCO2,r1i1p5f1,GISS-E2-1-H,1865,2.617101030891888
tas,abrupt-4xCO2,r1i1p5f1,GISS-E2-1-H,1866,2.411086203878483
tas,abrupt-4xCO2,r1i1p5f1,GISS-E2-1-H,1867,2.336072936626124
tas,abrupt-4xCO2,r1i1p5f1,GISS-E2-1-H,1868,2.65049943311692
tas,abrupt-4xCO2,r1i1p5f1,GISS-E2-1-H,1869,2.7811656255081516
tas,abrupt-4xCO2,r1i1p5f1,GISS-E2-1-H,1870,2.6747890347672296
tas,abrupt-4xCO2,r1i1p5f1,GISS-E2-1-H,1871,2.68731549216011
tas,abrupt-4xCO2,r1i1p5f1,GISS-E2-1-H,1872,2.9627997537727424
tas,abrupt-4xCO2,r1i1p5f1,GISS-E2-1-H,1873,2.9980115815665727
tas,abrupt-4xCO2,r1i1p5f1,GISS-E2-1-H,1874,2.6627354336936264
tas,abrupt-4xCO2,r1i1p5f1,GISS-E2-1-H,1875,2.7850335912535797
tas,abrupt-4xCO2,r1i1p5f1,GISS-E2-1-H,1876,3.083681902227852
tas,abrupt-4xCO2,r1i1p5f1,GISS-E2-1-H,1877,2.9038996223763434
tas,abrupt-4xCO2,r1i1p5f1,GISS-E2-1-H,1878,2.8501191008971887
tas,abrupt-4xCO2,r1i1p5f1,GISS-E2-1-H,1879,3.1484321518629486
tas,abrupt-4xCO2,r1i1p5f1,GISS-E2-1-H,1880,3.0102348572091273
tas,abrupt-4xCO2,r1i1p5f1,GISS-E2-1-H,1881,2.9646848707357094
tas,abrupt-4xCO2,r1i1p5f1,GISS-E2-1-H,1882,3.1716447258999665
tas,abrupt-4xCO2,r1i1p5f1,GISS-E2-1-H,1883,2.967999953495905
tas,abrupt-4xCO2,r1i1p5f1,GISS-E2-1-H,1884,2.8358116175024293
tas,abrupt-4xCO2,r1i1p5f1,GISS-E2-1-H,1885,3.1312741417549432
tas,abrupt-4xCO2,r1i1p5f1,GISS-E2-1-H,1886,3.195206905428847
tas,abrupt-4xCO2,r1i1p5f1,GISS-E2-1-H,1887,3.1365222931938206
tas,abrupt-4xCO2,r1i1p5f1,GISS-E2-1-H,1888,3.1371223422283947
tas,abrupt-4xCO2,r1i1p5f1,GISS-E2-1-H,1889,3.244161023656659
tas,abrupt-4xCO2,r1i1p5f1,GISS-E2-1-H,1890,3.1075642048597842
tas,abrupt-4xCO2,r1i1p5f1,GISS-E2-1-H,1891,2.9502512976390562
tas,abrupt-4xCO2,r1i1p5f1,GISS-E2-1-H,1892,2.956147324796916
tas,abrupt-4xCO2,r1i1p5f1,GISS-E2-1-H,1893,3.1886135940379177
tas,abrupt-4xCO2,r1i1p5f1,GISS-E2-1-H,1894,3.2817569144137906
tas,abrupt-4xCO2,r1i1p5f1,GISS-E2-1-H,1895,3.0332033796166797
tas,abrupt-4xCO2,r1i1p5f1,GISS-E2-1-H,1896,3.1316372257651324
tas,abrupt-4xCO2,r1i1p5f1,GISS-E2-1-H,1897,3.47075734134296
tas,abrupt-4xCO2,r1i1p5f1,GISS-E2-1-H,1898,3.2242591026987384
tas,abrupt-4xCO2,r1i1p5f1,GISS-E2-1-H,1899,3.2442478013857112
tas,abrupt-4xCO2,r1i1p5f1,GISS-E2-1-H,1900,3.3494195094154406
tas,abrupt-4xCO2,r1i1p5f1,GISS-E2-1-H,1901,3.0686782618772668
tas,abrupt-4xCO2,r1i1p5f1,GISS-E2-1-H,1902,3.140686667094201
tas,abrupt-4xCO2,r1i1p5f1,GISS-E2-1-H,1903,3.3876842257450903
tas,abrupt-4xCO2,r1i1p5f1,GISS-E2-1-H,1904,3.101791331962488
tas,abrupt-4xCO2,r1i1p5f1,GISS-E2-1-H,1905,3.185120336212151
tas,abrupt-4xCO2,r1i1p5f1,GISS-E2-1-H,1906,3.405840481896064
tas,abrupt-4xCO2,r1i1p5f1,GISS-E2-1-H,1907,3.5574961649337524
tas,abrupt-4xCO2,r1i1p5f1,GISS-E2-1-H,1908,3.2355716626913704
tas,abrupt-4xCO2,r1i1p5f1,GISS-E2-1-H,1909,3.1843969851708493
tas,abrupt-4xCO2,r1i1p5f1,GISS-E2-1-H,1910,3.412624323789089
tas,abrupt-4xCO2,r1i1p5f1,GISS-E2-1-H,1911,3.397401637735072
tas,abrupt-4xCO2,r1i1p5f1,GISS-E2-1-H,1912,3.3504532100599818
tas,abrupt-4xCO2,r1i1p5f1,GISS-E2-1-H,1913,3.3983573292978804
tas,abrupt-4xCO2,r1i1p5f1,GISS-E2-1-H,1914,3.4124249196055416
tas,abrupt-4xCO2,r1i1p5f1,GISS-E2-1-H,1915,3.544417188086129
tas,abrupt-4xCO2,r1i1p5f1,GISS-E2-1-H,1916,3.624480765801252
tas,abrupt-4xCO2,r1i1p5f1,GISS-E2-1-H,1917,3.3515449445268928
tas,abrupt-4xCO2,r1i1p5f1,GISS-E2-1-H,1918,3.27499446109357
tas,abrupt-4xCO2,r1i1p5f1,GISS-E2-1-H,1919,3.379830772506068
tas,abrupt-4xCO2,r1i1p5f1,GISS-E2-1-H,1920,3.584168368127507
tas,abrupt-4xCO2,r1i1p5f1,GISS-E2-1-H,1921,3.6072704881515847
tas,abrupt-4xCO2,r1i1p5f1,GISS-E2-1-H,1922,3.6222533896854543
tas,abrupt-4xCO2,r1i1p5f1,GISS-E2-1-H,1923,3.454867354679436
tas,abrupt-4xCO2,r1i1p5f1,GISS-E2-1-H,1924,3.5177137619018026
tas,abrupt-4xCO2,r1i1p5f1,GISS-E2-1-H,1925,3.6415202756992358
tas,abrupt-4xCO2,r1i1p5f1,GISS-E2-1-H,1926,3.500514068922371
tas,abrupt-4xCO2,r1i1p5f1,GISS-E2-1-H,1927,3.7377323608690745
tas,abrupt-4xCO2,r1i1p5f1,GISS-E2-1-H,1928,3.777581636786465
tas,abrupt-4xCO2,r1i1p5f1,GISS-E2-1-H,1929,3.447986987212232
tas,abrupt-4xCO2,r1i1p5f1,GISS-E2-1-H,1930,3.5271245529418707
tas,abrupt-4xCO2,r1i1p5f1,GISS-E2-1-H,1931,3.7716574965181167
tas,abrupt-4xCO2,r1i1p5f1,GISS-E2-1-H,1932,3.7100196452783507
tas,abrupt-4xCO2,r1i1p5f1,GISS-E2-1-H,1933,3.526409353142185
tas,abrupt-4xCO2,r1i1p5f1,GISS-E2-1-H,1934,3.5387901153825965
tas,abrupt-4xCO2,r1i1p5f1,GISS-E2-1-H,1935,3.7907689324622993
tas,abrupt-4xCO2,r1i1p5f1,GISS-E2-1-H,1936,3.5468609030256744
tas,abrupt-4xCO2,r1i1p5f1,GISS-E2-1-H,1937,3.5368222243910736
tas,abrupt-4xCO2,r1i1p5f1,GISS-E2-1-H,1938,3.7168950976510473
tas,abrupt-4xCO2,r1i1p5f1,GISS-E2-1-H,1939,3.7371559674377863
tas,abrupt-4xCO2,r1i1p5f1,GISS-E2-1-H,1940,3.6606678614913335
tas,abrupt-4xCO2,r1i1p5f1,GISS-E2-1-H,1941,3.7397272955957988
tas,abrupt-4xCO2,r1i1p5f1,GISS-E2-1-H,1942,3.6799819931869138
tas,abrupt-4xCO2,r1i1p5f1,GISS-E2-1-H,1943,3.699704932795669
tas,abrupt-4xCO2,r1i1p5f1,GISS-E2-1-H,1944,3.804117909486365
tas,abrupt-4xCO2,r1i1p5f1,GISS-E2-1-H,1945,3.639177674359132
tas,abrupt-4xCO2,r1i1p5f1,GISS-E2-1-H,1946,3.5970895939419734
tas,abrupt-4xCO2,r1i1p5f1,GISS-E2-1-H,1947,3.915482688599127
tas,abrupt-4xCO2,r1i1p5f1,GISS-E2-1-H,1948,3.8996083161168826
tas,abrupt-4xCO2,r1i1p5f1,GISS-E2-1-H,1949,3.768340093112215
tas,abrupt-4xCO2,r1i1p5f1,GISS-E2-1-H,1950,3.478415693291595
tas,abrupt-4xCO2,r1i1p5f1,GISS-E2-1-H,1951,3.5658523201360026
tas,abrupt-4xCO2,r1i1p5f1,GISS-E2-1-H,1952,3.889530313064654
tas,abrupt-4xCO2,r1i1p5f1,GISS-E2-1-H,1953,3.8304728825540337
tas,abrupt-4xCO2,r1i1p5f1,GISS-E2-1-H,1954,3.760366349811818
tas,abrupt-4xCO2,r1i1p5f1,GISS-E2-1-H,1955,3.682939124954771
tas,abrupt-4xCO2,r1i1p5f1,GISS-E2-1-H,1956,3.6724866826245375
tas,abrupt-4xCO2,r1i1p5f1,GISS-E2-1-H,1957,3.7935896115843093
tas,abrupt-4xCO2,r1i1p5f1,GISS-E2-1-H,1958,3.497074857116843
tas,abrupt-4xCO2,r1i1p5f1,GISS-E2-1-H,1959,3.646765048934526
tas,abrupt-4xCO2,r1i1p5f1,GISS-E2-1-H,1960,3.9679971741720124
tas,abrupt-4xCO2,r1i1p5f1,GISS-E2-1-H,1961,3.957441682841079
tas,abrupt-4xCO2,r1i1p5f1,GISS-E2-1-H,1962,3.6427765017148204
tas,abrupt-4xCO2,r1i1p5f1,GISS-E2-1-H,1963,3.6101815031121873
tas,abrupt-4xCO2,r1i1p5f1,GISS-E2-1-H,1964,3.8384387620469056
tas,abrupt-4xCO2,r1i1p5f1,GISS-E2-1-H,1965,3.9834079452972446
tas,abrupt-4xCO2,r1i1p5f1,GISS-E2-1-H,1966,3.8349164738155537
tas,abrupt-4xCO2,r1i1p5f1,GISS-E2-1-H,1967,3.90881104878423
tas,abrupt-4xCO2,r1i1p5f1,GISS-E2-1-H,1968,4.048506355894176
tas,abrupt-4xCO2,r1i1p5f1,GISS-E2-1-H,1969,3.856214011393547
tas,abrupt-4xCO2,r1i1p5f1,GISS-E2-1-H,1970,3.886790469655466
tas,abrupt-4xCO2,r1i1p5f1,GISS-E2-1-H,1971,3.8002284737338528
tas,abrupt-4xCO2,r1i1p5f1,GISS-E2-1-H,1972,3.935904454882291
tas,abrupt-4xCO2,r1i1p5f1,GISS-E2-1-H,1973,3.9319300074079706
tas,abrupt-4xCO2,r1i1p5f1,GISS-E2-1-H,1974,3.677344881452143
tas,abrupt-4xCO2,r1i1p5f1,GISS-E2-1-H,1975,3.68295510930659
tas,abrupt-4xCO2,r1i1p5f1,GISS-E2-1-H,1976,3.9504214531202706
tas,abrupt-4xCO2,r1i1p5f1,GISS-E2-1-H,1977,4.022801907534301
tas,abrupt-4xCO2,r1i1p5f1,GISS-E2-1-H,1978,3.8206333817045675
tas,abrupt-4xCO2,r1i1p5f1,GISS-E2-1-H,1979,3.826193828432622
tas,abrupt-4xCO2,r1i1p5f1,GISS-E2-1-H,1980,4.062429640260177
tas,abrupt-4xCO2,r1i1p5f1,GISS-E2-1-H,1981,3.9777778678646882
tas,abrupt-4xCO2,r1i1p5f1,GISS-E2-1-H,1982,3.779451025415483
tas,abrupt-4xCO2,r1i1p5f1,GISS-E2-1-H,1983,3.7636890277066186
tas,abrupt-4xCO2,r1i1p5f1,GISS-E2-1-H,1984,4.009489720515489
tas,abrupt-4xCO2,r1i1p5f1,GISS-E2-1-H,1985,3.858212538647365
tas,abrupt-4xCO2,r1i1p5f1,GISS-E2-1-H,1986,3.7636727678460034
tas,abrupt-4xCO2,r1i1p5f1,GISS-E2-1-H,1987,3.940033009772435
tas,abrupt-4xCO2,r1i1p5f1,GISS-E2-1-H,1988,3.9535371993778767
tas,abrupt-4xCO2,r1i1p5f1,GISS-E2-1-H,1989,3.866253189629731
tas,abrupt-4xCO2,r1i1p5f1,GISS-E2-1-H,1990,3.908704821454137
tas,abrupt-4xCO2,r1i1p5f1,GISS-E2-1-H,1991,4.077662524011146
tas,abrupt-4xCO2,r1i1p5f1,GISS-E2-1-H,1992,3.8670104077502288
tas,abrupt-4xCO2,r1i1p5f1,GISS-E2-1-H,1993,3.866950795319724
tas,abrupt-4xCO2,r1i1p5f1,GISS-E2-1-H,1994,4.13787482047087
tas,abrupt-4xCO2,r1i1p5f1,GISS-E2-1-H,1995,4.046572771563149
tas,abrupt-4xCO2,r1i1p5f1,GISS-E2-1-H,1996,3.8109008147347936
tas,abrupt-4xCO2,r1i1p5f1,GISS-E2-1-H,1997,3.941658092049636
tas,abrupt-4xCO2,r1i1p5f1,GISS-E2-1-H,1998,4.0783492679990445
tas,abrupt-4xCO2,r1i1p5f1,GISS-E2-1-H,1999,3.790634009812095
tas,abrupt-4xCO2,r1i1p5f1,GISS-E2-1-H,2000,3.9261666374200104
